Field,Value
hotel_name,Hanoi Old Quarter Silk Boutique Hotel
short_description,Khách sạn boutique sang trọng mang phong cách Đông Dương cổ điển tại trung tâm Phố Cổ Hà Nội.
full_description,"Hanoi Old Quarter Silk Boutique Hotel tọa lạc tại số 12 Hàng Gai, trung tâm Quận Hoàn Kiếm, Hà Nội. Nằm cách Hồ Hoàn Kiếm chỉ 3 phút đi bộ, khách sạn là sự giao thoa hoàn hảo giữa nét cổ kính, thanh lịch của kiến trúc Pháp-Đông Dương và dịch vụ tiện nghi 4 sao hiện đại. Khách sạn sở hữu 45 phòng nghỉ sang trọng, một nhà hàng ẩm thực độc đáo, khu spa chăm sóc sức khỏe và một bể bơi vô cực trên sân thượng có tầm nhìn panorama bao quát toàn cảnh phố cổ."
address,"Số 12 Hàng Gai, Quận Hoàn Kiếm, Hà Nội, Việt Nam"
area,Phố Cổ Hà Nội / Quận Hoàn Kiếm
checkin_time,14:00
checkout_time,12:00
general_images,https://images.unsplash.com/photo-1566073771259-6a8506099945?auto=format&fit=crop&w=1200&q=80;https://images.unsplash.com/photo-1582719508461-905c673771fd?auto=format&fit=crop&w=1200&q=80
hotel_policies_known,Nhận phòng sau 14:00. Trả phòng trước 12:00. Hủy phòng miễn phí trước 48 giờ trước ngày nhận phòng. Trẻ em dưới 6 tuổi ngủ chung với bố mẹ được miễn phí bữa sáng.
