question,answer,category,source,confidence
Khách sạn có chính sách phụ thu trẻ em thế nào?,"Trẻ em dưới 6 tuổi được miễn phí hoàn toàn khi ngủ chung giường có sẵn với bố mẹ (bao gồm buffet sáng). Trẻ em từ 6 đến dưới 12 tuổi ngủ chung giường với bố mẹ phụ thu ăn sáng 120,000đ/ngày. Trẻ em từ 12 tuổi trở lên tính phí như người lớn, bắt buộc phải đặt thêm giường phụ (extra bed) hoặc chọn hạng phòng phù hợp (như Premium hoặc Family Connecting).",children,hotel_policy_v1.1,confirmed
"Khách sạn có cho mang chó, mèo hoặc vật nuôi vào không?","Để đảm bảo tiêu chuẩn vệ sinh, không gian yên tĩnh và tránh các nguy cơ dị ứng cho khách lưu trú khác, khách sạn áp dụng chính sách nghiêm ngặt KHÔNG cho phép mang theo thú cưng (chó, mèo, chim cảnh, v.v.) vào khuôn viên khách sạn dưới bất kỳ hình thức nào.",pet,hotel_policy_v1.1,confirmed
Tôi có được hút thuốc lá trong phòng không?,"Tất cả các phòng nghỉ của khách sạn đều tuân thủ chính sách KHÔNG HÚT THUỐC. Quý khách vui lòng không hút thuốc lá truyền thống hay thuốc lá điện tử trong phòng nghỉ, phòng tắm hay hành lang. Quý khách chỉ có thể hút thuốc tại khu vực ngoài trời được chỉ định (như ban công ngoài trời tại Sky Bar tầng thượng). Trường hợp vi phạm, khách sạn sẽ thu phí phạt vệ sinh phòng và khử mùi là 3,000,000đ/lần.",smoking,hotel_policy_v1.1,confirmed
Giá kê thêm giường phụ (extra bed) là bao nhiêu?,"Giường phụ (extra bed) có thể được bố trí tại các hạng phòng Premium City View và Executive Suite Lake View với mức phí phụ thu là 400,000đ/đêm (đã bao gồm ăn sáng buffet). Hạng phòng Deluxe Cozy không hỗ trợ kê giường phụ do diện tích và bố trí không gian hạn chế. Vui lòng liên hệ và đăng ký dịch vụ này trước khi nhận phòng.",extra_bed,hotel_policy_v1.1,confirmed
Khách sạn có bãi đỗ xe ô tô không? Phí gửi xe là bao nhiêu?,"Khách sạn có chỗ đỗ xe máy miễn phí cho khách lưu trú tại hầm. Đối với ô tô, do vị trí nằm trong khu vực phố cổ chật hẹp, khách sạn không có bãi đỗ xe ô tô tại chỗ. Khách sạn liên kết với một bãi gửi xe ô tô có mái che và bảo vệ 24/7 cách đó 100m. Mức phụ thu gửi xe ô tô là 150,000đ/ngày đêm. Quý khách vui lòng thông báo trước với nhân viên lễ tân khi đến để được hướng dẫn vị trí đỗ.",parking,internal_sheet,confirmed
Tôi muốn nhận phòng sớm hoặc trả phòng muộn thì phí thế nào?,"Thời gian nhận phòng tiêu chuẩn là từ 14:00 và trả phòng trước 12:00. Việc nhận phòng sớm hoặc trả phòng muộn phụ thuộc vào tình trạng phòng trống tại thời điểm đó và có các mức phí phụ thu như sau: 
- Nhận phòng sớm trước 06:00: Phụ thu 100% tiền phòng của 1 đêm.
- Nhận phòng sớm từ 06:00 - 10:00: Phụ thu 50% giá phòng.
- Nhận phòng sớm từ 10:00 - 14:00: Miễn phí phụ thu (nếu khách sạn có sẵn phòng trống).
- Trả phòng muộn từ 12:00 - 15:00: Phụ thu 30% giá phòng.
- Trả phòng muộn từ 15:00 - 18:00: Phụ thu 50% giá phòng.
- Trả phòng muộn sau 18:00: Phụ thu 100% giá phòng.",checkin_checkout,hotel_policy_v1.1,confirmed
